,sequence
0,CCACTCGATTAACATGTTAACAACATACTCGTCCGGCCGATCAGCGGCTA
1,CAAATCATGTGCAGCCCTGGCGACCGTACTGCGGTACAAGAAAGTATAGT
2,GTTATACTAGAAGAAACTTGAGATTATGGAGCAGTCCGTCAAGGACGCGA
3,CTTAGACAAAAACAACGCGCTTTCCAGTATGCGGAGCCTTGACGGTAAAC
4,GTATCAAATCACGGCCAACCCGACGGAGTACCCCGCGTCGATGGTCCGCC
5,CTAATCGCCCATTTAGGCGCGGATCATCCTATTCAGCCAGTGGATAAGCG
6,GCGCGGAACATGCGCCCGCCTGTATCGAGAGATCCATCACGGCTTCGGGA
7,CGGAGAGAGCCACACAATGACGGGCCCGTCAGATACGGTAAAACCGACGT
8,GATACGCATAAACGTTCCATGCTATGGTATGGCCCCTCAAGGCGCTATCC
9,GTGAGTCGAAAGAAGGGCCGGTGGTCCAAAAGAGACTGTCAACTAAGACT
10,CGCGATGAACACCAAAGACCTTGAGGTGGACCGCAAGTCTCAGTACGTCG
11,GTGATCAGCTCCTGATCCACGCGTTTAAGCAAAGTAGGTGAAGCTCGATC
12,CTAGCTCCGTGCGCTAAAATAGGCTGCGATGTCAGCAACGGTGGAGACCA
13,ATAACACCTTCGAATCCTCGCTGGAATGGCTCACGAAGAAAAATAGGCTA
14,ACTAATCGAGATTGCGGACACGGTCGAGATGCTGCCCACGACCGAAAGCG
15,GTAATCGTAGAAATGGTTCAGAATGTGGAAGAGGATCATGTAGGCAGGAA
16,CAACATGGACGCGCCAAGCAACCGCTCTAACGTGACGCAAGAGCGTGAAT
17,CCCATGGGTAAATTCGTATGCGACACAAAGGTCGCCTAGGGTACCTATAG
18,GGCAACGGGAATGGCCTATCCTGTGACTGGCCAGTCAACGAAGGCTCGAA
19,ATCAGCGATGATTTACACCGAACACAACGTTAATACACAGACATGCTTCA
20,AAAAGACCTAGAGATACAGGAACGAATCTGAAAGATTGGGAGAGCAAACC
21,CATGGCGAAGCCCTTCCAATGGGAGCTCGCTAAGCGAGCGCGTGCTGACA
22,GCTAAACATCCTGTCTGAGATGACCGGGAAGGATACTAATCACCATGCCA
23,GCTGTGGATCGTCCTAGCGATAATGAGGAGCCAACATCCCGTACCGTAGT
24,CACCGGATGAAAAGATTCTTGAGCCACTAAACTTAGGACCAAAGGGTTCG
25,CCAAACAGACACATTGCAAAGCTGAACACCACGGCAGGGACTGCCTAACG
26,ACGCAAGATGACAACGCGGCACCAAAAGATGCAGTGGTACAATTGCTTCA
27,TCAATCTTTCGGAAACTCACTCGACGGGTTTAATGAGCGGACAGACCAGT
28,CTTACCCTCCGTTGAATTAGAAGCGTAACCGTGGTTGGTTGTTTGAATCC
29,CAGAAAGCATGGACCAGTGTGTTGTCTCGTTGCCAATCTCTGCCTGAATC
30,CGCAACGGCAATGCCACTTTACTGACGTTCAGGAGCTGGGAGAGCCACAG
31,TAACACGATCTGGTTCGTCAGTATGAGGACTAATTCAATGGTAGCTGATA
32,CCAGACACCACGTGTATACAGGTAATACCGGGTCCGATAGTACCTTCCAG
33,CGCAAGGATACTTAGGGTCTCGCCTACAACACTATGCGGGAGAATAAGAG
34,AAGGCGAGCTATGTCCTGGCTGGTAACAACCACGGAAGGCAAACGGGACA
35,AGGTATGCAGAATACTGAGCAACGCAAAGATGGAAGCAAGCGTAGGCCAA
36,CGTGCCATGTATCTCCCACAACCGAGCTCTTGCGAGGGTAAGCGAAAATC
37,CTATAAAGCCGTCGTGTTAGGACACGCAAAACCGTCAATGGCCTCCGAAG
38,CCTTGGCATGGCAACATCAAGTCTGATATGCGAGCTGACCGCGGACAGAG
39,CCGGTGTCGAACACCAATGGCGAAAGACTAGATGAGACTCCACAAGACTT
40,GTGTGAAGTCCGTAAACGACAAGTGCGGTAGTACCCGATGAGTTTACATA
41,GGTACCACCTGGTCTAAGCACCTTCGCGGCGAATGCGAACGAACAATACG
42,AGCGTTACGATGTCACGCACACGATACTATACCGACTGGCACATACGGTT
43,CACGTCATGATACGCCAAACCCAAAGTCGCGTCTCAAGTCGCGCGACTAT
44,CCAATGCATGCCAGGACTGCGCCATAACCCCTGCCACGTGCTTAGGCAAA
45,TGGTACGCGCAAAGCTCTCGTCATGCTATAACACTCCGTGGATTTGAAGC
46,CTAGTACGAGGCTGTTAACCACCAAGAGATGTAAACAGTCGGAGTATCGT
47,CCCGTGCGTGATGCCCTATCAGCAGATAGGAATACTAGGCGGAAGCCACT
48,AAATAGAGAAGAACGTAGACCATGCAGTCACGGAGTAGTAGGTTTAGAGA
49,CAGGTTTATCATAGCGTCCAAGCCAATACCGCTGGCATGTAAGGAGCACA
50,ACAATGCAAGTGCAACTTGCGGTCCTAAATAGCACAAAAGAGTGATCGTA
51,CCCAATGGAGGACGGTAAACCACCGAATCGGGGAAACGAAATCGCGACGC
52,ACAGCGGACATTAATGACTACAACCGGCACCGCAGTATCGGACATGTATC
53,TGCTTTTAGAGGTCAGGGCAATCGTGTCGATCACGAGTGCCCCAGATAAG
54,CGATGAGAGAGCAACTAACGTGATGTCCACGAAGAGGCAGCTTATTCAAA
55,TCAGAATGCGCATACAATTGCGATGGTTCGAATCCATGAGGACCTAGCAA
56,CCGCATGGACAAGGGATTGCATGCGGCCTGCAACCATGGAAGTACTAACT
57,CACAACTCTCGAAAATAACCGAAGATACCCGTAGCTACCAAATAGTGAAT
58,CCGAAATGGGCGGAGGTACTTGGAAGCGAAAGTGAAGGATCACCGATGCA
59,CAACATCACAATGTTAAGGACGATTGCGAACCGATCGTACTGTCAACACG
60,CCATACTGGAGGTTGGAGAATGCCCTGTCAGATCCGTGCCATGGTTTGTC
61,CAACGAGGTACATAGCTACCTTCCTGTGATCTTGAGGAATGTAAGGCATC
62,GGAAAGCACAGCTAAAATGCCGGACAGTTGGGATGCAGCGAGCACGCAAA
63,GCAGGCAAGGCACTTCCTGACCGCGTAGACTAGCGGTATGGCAATACTTA
64,CCACCAAAAGATGGAAGAAGCCAAGACCGCCAGCGATAGCGAAAAATTTA
65,CGGTACATAATGTAGTGTTCTCCTGAGGGCGAGCACCTAACGTATGTCCG
66,GCCCATGGCAGACACGAAGTACGTGCGGTGCATCGTTGGCCCGTCCTACA
67,GAAAAAGGAACGTGCGCGGTGCAGTGGATCAGTGTCACCAACGCACCACG
68,TGTCGTGGATAAAGCTGACACCCAATTACTACGATTGTACAACGTAGGAA
69,ACTGCGCCTATGAAACCACTGGTCCACCGCAAGGCCCGGCGGAGACACAG
70,CATCATGTTCCTGGTCCGAAGAAGCCAGCTCGCGAAAGCTACGGAGCAAT
71,CCGAGCGACGGAAACCTAAACGACTCTAAGGCACTGGAACAAGTCCAAAA
72,CGCAAAGCTGTTATAAGAGTGATGGCCGATGACGGCAGGCTCGCAACTGC
73,CCAATGAACCGCGGGCCTTCTCCCCGAAGGCCGTGGGAGACGAGTTGCGA
74,TTATCCAATGTAAGGGTTACTCCATAGTCTACTTGGATTATATACACAAA
75,GTCGAACGTTTCATCCGTCGACTAATGTATTCAAATCCCATTCGCCAACA
76,CCTGCCAGAGTAAGCGCCTAACTAGCAATGTAAGCTATCCACAAATTCCA
77,CATAGGATGACAGCAATATATCACGGTTGCCTGACAGGCATACATAACCA
78,CATGCGTAATACTACGCAAGCTATGACATTGGCCGCAAACGCCGCGGCTC
79,CGGACCCGACGCCGACACAGTTAACGCTGATAAACCTCCAGGACGTTAAG
80,AGTTGCCCATTTGCAGCTATGGCAAAAAGGTTTCAGCGCGATAAGTAAGG
81,GCGCATCACCACGGCCTCAGAGCAGCCCGCCTAGTACTCTGCCGCTTGTC
82,CCATGACTATAAGACGTTACGAAGGGCATGTCCCGACCAAATAGGCAATG
83,CTTAATGGATTTGTCAGAAACGCGTCAGAGGAGTTTAAGTTACTTACGGA
84,CGCCCATTGACATCGCACCGCGGTGGGGGGTATGCGTACTTCCAAGAAAC
85,AAGATGGCCTTGTTAATTTTCACTTGCACTGGGAGAGGGCGCTGCGTACC
86,ACAGCAGGCATGAGATCAGCGACAGGCTTCGAGCGTACACCTACTTAGAA
87,CAGCCGTACATGGCCGCGTTGTACCCACGCGGATGGATGTACGCGGGACA
88,GTTAGGTGATGGCAATATCAAGACCTAGCTATACTTTCGATGCCGTTAGC
89,AGCATGCAGGCCACCTCAGTTTTATGTTATCGCTGGCACGCCTAGATAAT
90,AATCTTATTCTTCACAATGGAAGGCTAAGCCTGTACACTGGCTAATGACG
91,CCAACGGAGGCAAGATCTAAGACCGCCTACGGGAGCGATGTACCTTGAAC
92,TAGCGAGTAGGCGATGGAGTACGAGGCGGAAGTGCACCTGAAAGAACAGA
93,CCCTCAAGCTGGGCGAGCTCTCATCACGTGTGTTCAAAAGTCTTGTTGAC
94,CTGACACCCAAAAATGTGCAGAGCAACAAAGCAGCACCTAGGCATCGATA
95,ACACACGCCTCTAGAGGCGATGTTCGCAGTCGCGCCCTATGCGATCAGCG
96,GACAATGCGAAGCAAAAGAAGCATGTCAAGCAGAAATGCAAGAACCAAAG
97,CCTAAGGATCCTGTCTCTGATGCTTGAAATTCAGTACCCACCCTACCTCC
98,CATAATGCGGTCTGCCGCGCACGACGCATCAGGGGAGGAGACAAACCCAA
99,GTTAATGGATCCCGAATCGCTCCTCCCCACAGGTGAGGAAGCCAGATATT
100,GAACAGGCAAGCTAACGCGTCCGACTACCGTCGACTTCGAGACGTAAGGA
101,ACACGCCACACGCTGCGAAGGTATGCGGCAGGTTAACTTGATGGATCAAC
102,GTCATGTTGGAAGTGACGGTCGATCAATACGTCCTGGGATTGCAAGTGTC
103,GTCAGACACAGCGAGAAGGAGAGCGCGGTCGCTATCGCGTAGCAGTCATA
104,CCGGCTACCGAACGATCTGAGTTCTAACGCCATCACGATGGACGGAAACG
105,CAATTCCATGTGCTCGTACAAGTATTATATGGAGGAAGGATCCGACGCAA
106,CTGGTGAAAGCCACAGCGTACAATGGGACACCATGTAGCAATTAGGCACT
107,CACAGCTGATGCTGGTGATTAACAAGTATATCCCCGCTGGATTTTAGGAA
108,GCTTCCGTCAAGGGCAATGTTACGCCACGGTGCCACATTCCCTAGGTACT
109,GATTCAGACCATGCGACATTTGACCAAGTTACCTTGCGATGGGGCAACCT
110,TCCGATGGAAACTACACCATTGTGGGCATCTATATGGTTGCCCCCGTGCT
111,GGTAAAATACCGGAGACCATGTCACCTCGGGGGTTGAGCAGCGACGCGAA
112,ACCTTCAATGATCCTTCGCATGACCCTGGCACCAAGGCACATTGAACAGT
113,CCTATGGCCCGAAAGGGCACCCTATGGGCGCTAAGCTTATGCCCCACGAG
114,CGCGGAAGTTGAAATGCCCTGGTTTAGTATGACGAGTGAACCTGCGTCAA
115,AAATGTGGCAGTTAAAATTAAGACGAGCGCGATAAAACGCCTACAGGCAC
116,GACCTCGGGAATGGAAGCTGGCAACGACTGTCGAGAAAGAGCAGAAGGCT
117,TTCTGGGGCTGTAATGCAACCGATGCCGACCGGCATGGAAAAAAGGTTTA
118,CGTGAGGTCCATGCCCATCTCATCGGACTATTGCCGACACATACAGCAGA
119,AACGCAACGAATGTTGTCCAACAAAAAGGGGGAGGACAAGAACCTGAATA
120,CCACGTGAGACAATGGAAGGCAAACCAGACATTGAATGAGCTCGCGAACC
121,CATGGCGAGGCAGATCGAAGTGGATGTATCTCAGCCCATAAGGCCAAAAG
122,GTCAAATCGCGCGATGCGCCACCAGAGCACCGGATCATGTCACACCATCT
123,CCGGACGATGTCTAGTCCTGGAAACAATGTAGTATATAATGAGGATGCCA
124,AAATATGTCGCGCTCAGTCGGCGCCTGGTCCTTCTGCGATCTTGCCAGGT
125,CAAATGCAGATCTGTCCATTAATGGCTAGCACTGGGCACCGAAACGCTCC
126,CAAACAACGAATGCCACTAAGTGGTTCGCGTACCGGAATAAATAAGAAAA
127,CTGACATTGCTCAAGAAAACAAATGAGTGCTCATAGGCACAGGCCTGACA
128,GCAAACAAGTACGGCGATGGCCTCCTCAACAGGAGACTATTCTCCTTCCC
129,TAACCGAACGGACTCCCGACTATGTGGAGTGCTTACGATGGTTGACAGTC
130,CGAAGCCTGAAACCGAGAGAAACGTACATAGGATGGGACGACGGTAGAAT
131,CCAGTCGGCAAGGACAATGAGAATTAGCAAATGTCTGCCGCGCCAACCAA
132,TAACATGAGCAAGGCGAGACGTCGCGCGGCAGAGGTCTTATGTCGGGTTC
133,CCGACTCGGTCGGATTAACCTTAGCGTTTCATCAGTGAGAATGAAGCGCC
134,CCCTATCCGGTACCAAATCATGGCACATTGCATGAGGTACATCTTCAAGG
135,GCGCCGGCTCCGACCGTGGCAGCGAGTCGCCATGCTCCCCGTGTTTCGGA
136,AACAAATCGGGTAATGGCCTACACTCCGCGAACGCCACGCGGTCCTTCTC
137,GGCTAACCACGCATGGAGTTCCTGTGTAAAGCGGGCGTCAGCCTACCGTC
138,CGATATGCCGCCAAACCGTTTCTACCCCAAGTCAAACGAGTAGCGCTGAG
139,CCTCTACATGGAAGATCAATCGATAGAACAACTAACCGAAGACGCCACAT
140,TTCCCTGGCTCATCGAACGCTCACATGGTGCACCGGATGCGGATCCCACC
141,GGAAGCGTCACAGGCCTGGTCATGACCTGCGACGCAACACGTCCGTTGAG
142,AAGTAAGATATCCTTAGTAATGATTTACACGAACAGGCACCTGCTGCCTC
143,CGGACCAATCACCAAAATGCTTGACCTACTATCCAGTAGTGATTGCATAT
144,CGGAGGCATGACGTATGCACTCGATGATGGTCAAGCCGCCCTACATGGCC
145,CAGGAAGGTAAAGAGGGAACATCAATGTGTAACACACCCGAACGGAAGAT
146,CAAACAGGGCTTTACGTAATAATTGCGTGTTAACGCAAGAACGTTGCTAG
147,AACCCGATAGAACCAGGGAGACAACTCCGTGTTAAGCCGACGGAATTAGG
148,CCATCATGACCATCGAAAAGGCTAAGCGTTTTTAACGCACCGGGATCGTC
149,TACGGAGCTCTAGACGTCAGGATGACAACGCCAAATACACGGAAATCAAA
150,CGGCATCAGAGACATGCCCACACTGGAATCGACAGCCATGCGCGGATAAC
151,GCCATGTCTAGCTGGCAAAGAGCCACTCACACCTTTTTCCCGAGCGCGTC
152,ATCGCTATCGCCAACATATTTGCGTTAAGGATGTACGCATTAACCCAGTG
153,CACTTTCGGAATGTCGTCTTTAGCCCCGTTTCTCAAGAAGGTCTTGCGAT
154,CCAGGTATGGAAATCAGGAAGAGCGGCACAATACTCCTCCCCTGCGCAGC
155,ACAGACCTTGCAAACATGTAAACATTTCCCGGGCTGCAATTCGTCGCACA
156,CTAGATGAAGGTCTTTGAGTAAGCGGCAATGCCGGCTCGACCATACAACA
157,GCGACAGAGCATGTGGTGGACACGCCCCGGAAATAATCGTCGACCGGGCG
158,AATGGTGTAGCTTCTCGCAAGAGGACGAAATATGAACCCGTTGACCCAAA
159,AGGAGGCTCAAGCCTGCTGCAAGGTTAAATATGAGTCTGGCCAACATGAT
160,CGTAACTCGCACCGAGATGCACTTCCAGGGTAACAAAACACCCCGTACAG
161,CGTGTCGTGTAAAGCAGTATGGTACCCATTGGAAGAGCACACCATGGACG
162,AGACCGGTGTCGATACCACCTGCCTTCCGAAGTCATCGAGTTCGTAGAAG
163,ACTACGAAAAATCATCAGATCCCGAAGGGCAATAAGAATGGATAAGCATA
164,CCTACTGCAATGCTACGCCTACATGGAGTCGAACAATTTGACGAGCAGCT
165,CCGGTCAACTTCAAGCTGATTACCGTTGAGATCCAAATGCACGGCTTAGG
166,AAGTCAGGTTTACAGACTCTATAAGCGTATTGATCGCTTGCCGCTCAAGT
167,TACGTGCAAATTACGGATAAACGGCGATCGCTACGTACCTCGTTAGTCTC
168,AGAATGGCAATAGGTACAAGCACAAAGGCCGTCAGGCTACGCGTAGTGAC
169,GCAGCATACAATGAGAGGCCTTACACACGGCTTCTGGCTTACGAACAACG
170,GATCGGATTATACGTATAAGCGACACTCTTGATGAAAACTATACCACCAA
171,CATACGTGCGGTACACAACACCGTCAATATTGACCAGGATTCTGGTTGCA
172,GAGACGACCCGATTAGATTCGTAAGCCTGGTAAACCACCATCGAAAGATA
173,GTAGTGAGCCAGTCTTAATCACAACAACAGATCGCAATCAGAGACGTCTA
174,CCGAATGAGTGAGTTAAATGCGATCTGGAGGGAGCGCAAACTCCCCCTCA
175,TAAGTATTTCGAGCATACAATTACTAATGCTTCCGAAACGGCTCTCAAAA
176,AGTTTCTATGTGCTCGTTGTCAAGGAGCGCGCAGCGCTGGAACGGCCCCC
177,GCCAATGCGGTGTAAATACAAGATGGAGCAGTGCAAGCTAACGGTACAAA
178,CAGGATAAGATGATCAAGCCCCGGTCCCTGATTCAGGACGACAGGGTCCA
179,CCATATGGGTAAAAATGTGAGTCATTCATCAATCTGGACGACTACACGCA
180,CAAGCATCTTCGATGCGTTACCGTGCCCTAAGAGACTGTTGCACAGTGCG
181,CCTTCGACAAGGCTAAATATCTGAGCGTCGACGACCCTGAATTATGCGAA
182,CTAAGCGACCCGTATTGCTTCGAACGTATTATTTAACCTGCCCGGCACAG
183,GAGTAAACTCATCTAGAGACCAATGATGAAACTGGAGTCCTGAATAAATA
184,CGGAATGGCCTTACTGGTGTTACCTTACTGTGTGCTCAAAGTCGATAAAC
185,CATGCACTCGGGATGGCGCCCAGCAAGTCCTACGGCCAATCCGTCAAAAA
186,AGCTAAGTTATGGCGCCCGTCGCGAAAGAAGAACGCGGGACCTGTAACGG
187,CCCGATACTCGGTCACCCGAAATAACTGTTGCGACGCAACCTATAAGAAA
188,CAGCAGACGGAAGTCGATAAGAATTGCAGAAGTGAAATCGTGCTGCTACA
189,TTTGCAACCCAAAGCCAGCAAGCGTAGCGACATGTACGAAAAGTGGACAA
190,GTCACTAGTAATGTTGGTAGAACTTAGCATGAAGGTCAGCAGACGGCTAA
191,CAAAATGCAGGAAGACGCCAAGCGATAAACAGCCGAGATCGGTCCAGAAA
192,GTATGGATGCGGTTTGGAGCCGTCCACCTTTCGGGGTTTTGGATATCTAA
193,CCACGGTTACTGGCTTTTAGAGCTGGTAGACACCCGATATAACCTTGTCA
194,CCGGCAACGGCCAAGATCGATGCACTGCCCGGAAGAGCAAAAGTTTAACC
195,CCAAAGGAGGGGTAGTGACCCCAAATCTAGATACCGGAATGTAACAGTTT
196,CCCTCTGTAGATAAGTTGCGGTACAACAGAGCCAATGCCGAAAAGCCTAC
197,GAGGATGTGGGTAACGCATGCCGATACCAGATTTAGACCGTTCGGGAACT
198,CAAGAATGTAGGGCATCATGATTGTTATTCAACGATCTGAGAGTTCACGA
199,CTACGGTACGAGAGCCGCTACTCTAAGCCACAGACGGGATACGCTAAGAC
200,GAACTCCAGATGGCCGAAATATCCCAATGGCTCGGTTCGCTGGTAGAAGC
201,ATTCGGGAAGGACGATACCGTGCCCAAAAAGCATAGTCTTGCCATGCAAC
202,CCATTGGAGTTTGTGATGCTGCCGGGACTAGAGATCCGGGTAGTTGAGAC
203,TTGAAGGATGCACCATCCTGGCTTTAGCCCAGGTTTCCAACACTTAGATA
204,ATGTCGGTCATGTCAAACATCGCTCGCGCCCGGGGACGTGCCCCTGTGGC
205,CCAGAATCCTGGGACGGCATGGACACGAAGTAGATCCTCGTGTCAGCCCA
206,ATACCATTATGGCCGATGAAAGCGAATATTGTAAGGATGACTGACTACAA
207,TCCAACTTGCCCCCGGACATAGATTTCAAGATCAAGCACAGTCCCGGACA
208,GGAACTGCACCAGCACTGCGAGGCGCTACTGGCGATGTGTCACAGCGCTG
209,CACAAAGGAGATGATCGTCACACGGCGATGGATGGCTGCAACCACCGCGC
210,ATCCAAATTTGACTGACTCTAAATACCAGAGTCAAGGGAGAGCTACTCAA
211,CCGAAGGACATGGACAGTCCCTGCTCTCAGGGGCATGCAGGATACACGCA
212,CACGATATGTACAGCATCACACCGGCTTGGTTCGAACCCCGCCTTTCTCC
213,ACTGTTGCTAATTTGATTCGACAAAATGGCGAAAGAGGAGAGCAGACCAA
214,CTTTAGTACGAATCAGAAGTTTGTAGTAGCAGTAGCCGCTCGCTCCGTTC
215,GCACGCAGGTGCAGGTCCGAGCCCTGGTGATCGACAAAGCCGAGGTAAAC
216,CCTTACAGTACTGGAATGGTCATCGCACGCAGTACTAACACTCGAGACCG
217,GATCATGCGACGTAACAAACGCTCCAGGGAGTGCGGCACTCGCCGCAATT
218,CCATGGCTATCACTTAGGCCTTTTGCGAGGGCGTCCTCGCTATACCCCAC
219,CCCCCGAGTTGGCAGTACCCTCACTAGCAGGATGCACGCTCAGCTTAGCA
220,GTACAGTTGTCCACATCCCCCTGACGATGACATAGTAGGGTCAACAGTCA
221,CACTCATTCTCAGATGCCTAGGTCTATACGCGCATGCCTCCAAGAGTGTC
222,CGGTATGCTGATCAGAAGGTGAAATTTGAGCGAACCTCGCTCGCGGAAGC
223,CGTTCGCCGACAAGCCTTCTGGAGAATGATGGGTGCGCGACCCAGTAAAC
224,GCAGGATCGCAACATGCGATGTATAGTAACATCCTGATTGACGGCTCCAA
225,CGCACTGGAGCTTTGGAAATCACGACATAGCTGAGGCGAAGAATACCCAC
226,CAATAATGGCACCACGTTGCGGACACGTTATAAAACCCGCTAGCGGTCTG
227,AGCTAAACTTGTGCAATGCTCCCGGCTGATCCTCAGAATAAGCACGACAA
228,GACCGGGTTCTTGGAGATGGCGGAAACCTGGCTAGGCCTCATCGAAACTG
229,TGAACTCGAGGCAACCGAAATTGACTTTTTAGCACTGGAAAGCGTCGGTA
230,ATCATGGCTCCTGCCACAGACTCCAGGTCTTTGGAATTAAAAGACGTAAA
231,CCAATCATCAATCCGCGACAGGCGTCGGCCATGTTGAGGCTGGAGCTGAA
232,AACGCCCAACGCTGCGATGGAGAAGGATATCCTAATTCGAACAAAAACAA
233,CCAAACACTGCCAAGTTACTTAGGTCTCGATCCGACACGCACCGTTGCGT
234,CCGCAACCACACCTCAGCGTGGAGGACAAATCGGCATCACTAGCAACAGA
235,CCCTGTGACTATGGTCATAGCCCGAAACCCAATCGCATGTTGCCCGGACC
236,GTTTAACTGAAATGAAGTTGAGTAGACAAGACCTAGCGAAGGCAGGTAAA
237,GGATAGCTATGATCGAACGGCGCCGAAACTAGTTCGTAACCATGCGTAAA
238,TTAAAATGAGCCCACACGAAGGGAGACACTAGGCTTCGTCATCAATGGCA
239,TCATGCTACCGAGACAACGTCTAACCCGAGGCCGGACACCTGAATGGGTA
240,CCAATACAAGAGAAGGATGTCTAGCGGTTGGCGGCTTCAACGCTTGTGGA
241,GGTAAGCCAATGTGCAGACAACGCCCTGGAAGATCCCCGCCTCAGACAGG
242,CATAGGCTTGACACGGTCTCGTCGTAAAGACGAGGGCGGGTCGCCTCAAA
243,CGAGACAAGTGCTGAAGCCAAAATCGAATCAGCACACGGCGATGCAATAC
244,TCGCACTTCAAATGTTCGCCTCCGATAGGATTCACGCGTGTGACCAGATA
245,AAGTACGCAACTTAGCTTACGCAAGGCTTTACCGAACAGTGCATTTGGTC
246,TAGCTAATCCATGGATCCCGCTACGCGATCTAAAAGCGGCGCTAATCAAC
247,CCGCCAGATCGCATACGTAACGGGTCGAATGGTGTACTCGTCACTCAAAT
248,CGCAGAAGCGACCTAAGGTAGGACTAAAGGCACAACGTCCGTTAGGTCAA
249,AGTCATGAGATGTTGGAATCGGGCGCACGAAGTAAGGCCCCTTCGGATCG
250,GCACAGCATAGGAACACAGTGTCAGCAAGACGAACGTCGGAACCAGAACA
251,CGTAAATATCGACTTAAAACCCTTGACACTACGGGTAACACTCGCTATTG
252,GCGAAAATAGATAAGTACCCACCCATAAACCGTTGCATAAAGACCTCAAA
253,ACGACCCTTTATGGACAAATTACGCGGCCTCGGGCGCGTAAACAACAGTC
254,AGAATGAGCATAGCTAGAGGTCCGGGACCACCTTCGACCGACTTACCTCA
255,ATCAGCGCGATGATGACAATGTCACGGGATTCTGCAAAGATTTGTACCAG
256,CCTGGTGACACCACGTGCCACCGTGCCCGAGGACCAAATCTCACTGATAA
257,TGAGGGTCCCCCCGTGACCCGATGTTTGTAAGTACTGGTTTGACAGATCC
258,ATACAATGACAATGAGAGAGCCACTACCAGGGCCAGCGTGAAGGAAATCA
259,TTGGATGCCGAAGTCTTGGCCATGGGATACGCGTTCCGTCCACTGGATCA
260,AGTTCCTATGCGCGGACCACTACGTGCTCGGATCAAAGGTCAGCCAGACC
261,GGCTGAGGCCTCATCTGTGGGCAAAGATAGGTGCAACAAACAACCTCGCA
262,CGTCAAAATGCGGCGTCGCGATCTTGAGGAGAGGAGCCTCCCCCTGGCCC
263,CCTCGCCAACCCCTGGGGAACATGGGGTCGCCATCGCAAGGACTCCCTAC
264,CTTAACTCGGTACCCGCAATGGGGACGTCGCGGTCGAAGCCATGCGCTCG
265,CCGCTAGCATGCTAGGAGATCTAGGTAGCCGCTCCGTGTGATGGCAGAAA
266,CATCAGGCGCTCAAGAGCCGATGTCAATATCAAGTGTGTGTATTCCCATA
267,AAAACTCGACACTACACGGAGGCTGGAGAATGCAGCCTGCATATGTGAGC
268,GGAAATGGATAGGAGTCTGGGTCTTGCAGTCCTACCCGCATGGTGTAGCA
269,GTAATGAGCCGAGCTCCCACCACGCCGAGCTTTGGAGATCGAGCGACGAA
270,AAAAAAGAGTCGCGCCGCCATGCGCTCACTAGAAGCGAGATTGGCACGAA
271,CCTAGAATGAGCGAGAATCAAAATGGCATTTCAGAGAACGCACGCACGCA
272,CCCGAGTACGATGCTAGACGTGCATGCATTTGACTCCACAGTTAGGCAAC
273,CGGCCGGAAGAGTCGTGGAGGCCCAAGCGCAGCGGCCGATAGACTGGTCA
274,AGATTTGTCCACCTGATAAAATTACTGATAACAGCGTAGTTATGCACACG
275,CCAGCACGCTATGATGAACCGCGCAAGCTCATTTGACGGCCTCTTTAGAA
276,ATAGGCCTACCCGCTAATGAAGGATGTAACACCCAAAGAGGGAAAATACT
277,CGCAAAAAGCACGAGATATTACGGTCAAGCCTCAGAGCAAGGGGGACCTA
278,GTAGAATCTGAACCATCCTGGGTCAAGTACATGCAAGTCCTCTGGCACGT
279,GATTCGCAACACAGTACGCTGACTTTCGAAGTTTGCAGATGTCGTCAACA
280,TACCTAACCACCGTGTGTTATCACCATGGTTCCTTCGGCACCGCAGCCGA
281,CATGATTAGATGCTAGACACGGAGCTGGCCTGGCCAGCTCACACAATTGC
282,CGTACGCTCTGAGCCACTGTTGCATCCACGTGCTACTATGGCAATCACTG
283,GATCACAAGGATGGATGAAGTAGACTTTGGGTCATCAGCGTCGGGTACTC
284,CCACCATAAATGCAATGAGACGTAAGGAAAGGGCGCCCTCGACATCATCT
285,CGTTGACGTGCCCGGCGGTCTAACCTTTCCCCGAGTACCCAATGCCATAA
286,CTAACGAGGCATGCACCCACAAGTACAGGAAAAATCAACCCAAAGACAAC
287,GATACGTCATGAAGACTGTCCATGAAGCCTCGTGGATTTAAGGGGCCACG
288,CCCCGAGGCTTGTGAGGAGTAAAACCCAAGAGAGGTAAAGTGCCACACAA
289,CCACAGGCTCCCAGGTATACGCCACTGAGGCGAGGATCAAAAAACCTAGC
290,ACCGCCACCCATATGGCTTTAGTTATCGTGGGGACCACATACCCGGATTG
291,AAGTCATCATTTTGTATGATCTGCAAAGATGTCGACTTTCCACCAACATA
292,TACGATGATGCACCGCAGCCCGTACGAGGGGCTACGCTTGGGAAGGCGTG
293,CGCCTTTAGCGATATGCTCGGACCTACGAGGACGTCGGTCATACTTCATG
294,CGGACGCCTCGAAGGATAGGGCATAATGTCAGCAAGAACCATCACGACAT
295,GTAATGGAGCGTCAGCCGCGCCCCGGCCCCGGGCGAACCTTATCAAGAGC
296,TTTATGGTATCGTTGTACTCGTCGCGCGGACTCGAACTAGGTAATGGGCG
297,CGTATACGCCGTCACCCGTGACAGCAACGATGGGGAAGGAATGAAAGTGA
298,ACGCACGGCAGCGACGGTCAATAACGCAGCCTACGTGTCACACTAGTAAA
299,CATGCCTACTGGACGTGCGGTCGCCAATCAGACTATGGATATGGCGAACA
300,CCAGCTATGGGAGAACGCGACATGTCCAGGCGTCGAATATCGAGAACGTG
301,CCGCTCATGGGTGCAAGCCATAGAGTCCCCCACTCGAATGGGGGCGTTAA
302,CCGGCCCGAACCATTGACGAAGAAATGGCCAACGTGACATCTTAGTAGGT
303,CGATTAAATCATGCGCTCACATGAGGCCAATTCCCAAATCAGCACTCAAG
304,CCTACACAAGCTGCAGGAAGAGAACACTAACTACGCACGCGTTTGACACA
305,CATATCCGAGTACGTCATTCGAACAACACCTCACCCTCTTGCGCCATAAA
306,CACACACAGCACCCACGCGATATCAGTCTCAGTCCTATTATCTCACGATG
307,CGGATGGCACATCATCATGACGTGCAACGATGACCAGGAAGAAAAACCTA
308,GATCGCATTAACACCAGGCGGACACATGTATCGATACCATGCCATGCGAA
309,ATTGCGTAGAGCCATGGCTGGCCACATAAGCGTACCAAAGCTTACTCCCG
310,CGATGTAAGTCTAATCACTCCGAGTGACCAACGACCTTCACCCACGCCAA
311,TTGCTCCAGACCAAAGGGAAGTATGTCCAAGCTACCCCCAGCGGCCGATC
312,GATATGGCGGTGCGACTACTTTGTCGCTCTAGCGGACGCACGCGCATTGA
313,CCGTCCGACCCGAGTTGCGACGCTTCGATAGTGAGGCACCAAAGCCGACG
314,GAGTATGAGGCTAAGGTAGGCAGACCCAAAATAGGTAGTCTGAGTCTGAC
315,CCCATACAATGTGCCCGCCGTTAACTGAATAATGCCATGCAAATGAAAGC
316,AGCGTAGACGGCCACATGCCCAGCGCACTAAAGTAAAGAATGTGACGCAT
317,CATCATGGCACGTCGGCATTAATGTCCGCGAAGCCTTGCCAATATGGAAA
318,GCCGCACCGGCCCTCAATGCAGGACAAGGATGATGAAGAGATGGACAGCA
319,AGGTAGTGCTTCACATCGGGGCTGTCGTACGCTTAATGTCAAGTGTTCCG
320,ATGTCGAACCATGGATTTCATCTAAAACAACCAAAAGAAACCAGCATACT
321,CAGAATGATGCGTGCATTTACATGCGGACCCTGTAGAAACAGGCTGAATT
322,GACATATTTAGGTACGGACTGACAAAGACTTGAGGCCGAACACTGCGAAA
323,CAAGCTCACCGCCAGGCGTCCAAAAGAACGGTGGAATAAGGCTTGCACCC
324,GTTGACTGCCTGGTGTCTAACACCGCTGGCCGACTCGATGGTTTAGCAGA
325,GCGAGAGCTCCGAGCCTCCCCGAAACACAAGATGAGTACAATCACAGATG
326,CCAAATAGGCGGTGAGCTCCTGTGACCGGTTAGTCGCTCTTAACATAGCT
327,AAGCACGTGACTGAGGCAACGGGCATGATTCACTTCGGACACTGGAGAGT
328,GTTTTCACGAACGAGAACCGAAGGCATGGCGCCCACACCGTCCATTAGGA
329,CAATACGCTCAAATAATGGCGAATATGGGGAACTATCAGAAGTACCGCCA
330,CGTTACGGCATACTTGTGCAGAGGTGACGGAGTCTTTACGAATAACACAA
331,CCGCCAATGAACAAAGTGAAGTCAACACGCGAAGAAACCCTAATCGCCAA
332,AATGAATGCAAGTCGTTCCGAACGGAACAATCGCTCGTTAATCCTGGATT
333,CAGATACCCCCCAAGGCACCACGAAATGGCCTCTAAATCTCTAAGGCGCA
334,CCGGACACCGTGTGCGACGGCAGCAGGCGGAAGCTTCAAGTCGCGGCATC
335,AACCAGCCTGCGACTCAGCCGCCATGTAACCACATACTAGCGCCTCGCAC
336,AGCGGAAGATCACGCGTGTGAATACATTCTATCCAAGCCACGACATCATT
337,AGTATGGGACTACTCCTCCGTTCGCGCCCCCCATTAGGCGAAGTCCTCTC
338,CAACCGCGGATCACGGGGCACGATGCCACGAAAGCGCGATACAAAAAGTC
339,CGAAAGCGGAGATGTGACGCCCGCGCGCCTTTAAGCTTTATGCAATCAAT
340,GCCTATCGCATAGAACCGGGACTCGATGGCAGAGCTACTATTGCAGGATG
341,CCGCAAGATGTGGTTGTCCTTGGAAGTCCCCGAGGCCCTCGTCAGGTACC
342,GAAATGGATGAATGGTGGCTAGAGTTTGCTGTATATTGGCATATAGATAA
343,GGCGCACAAAGCGACTGAGACACAAGGAATGGTGACGGTAATATCGCACT
344,ACGCGGAACTATGAAACGCCGCAACCACATATCAAACTGCACTAAAACAA
345,AGACTCATGCCAACTCGGCGCCTACGTCGAATCATAAGGACGTACTAAAG
346,GCAGCCATGCGACGAAATCAAGCAGCGCTTACCCTCCTGGGCCAAAGGAA
347,GCTGACACGCATTACTACTCACTGCCATGGTCGTCGAGACACGGCTGGCC
348,TCACGAATCGGTAACTCCCCGGCGAAGAGCAAATGTAATCGGAAGAAGCA
349,ACCGTCTTATGCAATCAAGGCAAGAATCAAGTCCATCGTAAATGGCGCAC
350,ACCACGAACAGAGAAAATGAAACAAGATCCCGCGAAGGCAAACGCTAGAC
351,CACAAGCTTTCGGTTCAGCGTGACAAATAGCGAGAGTCAGCATCCGCGAT
352,ATACCACCAAAAGGCGCTATGGCTCGAGTGCGTGCTTCATCTGGTCCAAA
353,GTAAAAAAAGTACAGTACGATGGTACTGGCCATGCGATCACGAGAACATC
354,CCGTTGGATGACAATGTTTTTTCATGACCCTCGCTCAGACTATACTCATG
355,AGGTGAGATGATAACAGCGAACCTAGTACGTTGGAAGCCGTTCGATCTAA
356,TGCCCGGGTGGCGTGCTCGCTGATGACTAGAGAAAGCACATTGGTGACAA
357,CCCTGAACTGTAGAACATCGGAAGAGCGCATTAGGAAATCCAAGGAACAG
358,GCCGAAAATGGACCTAGAAGGCCTACCAGATGTCGCCGACACCAGTATCC
359,GGGACCATTCTCAGCTGTACTGCGTTGACCGCTATTCCTCATGTGCCGAC
360,CGGTACGGAGTGAGCCCGTCGTTGAGAACAGGACGAAGGGACCGGATGCT
361,TTATGCTCCGTAGGCACGGCACACATCGTTGTCGTCTTATATCGGATGAA
362,ACCACAATGGAACAAGAAACGGGTACTGATCTAGTATACGGATACGGCCA
363,CAAATGCACAGGCTTGACCTCCACATGGAGTGCACCAGGAGGTGCGCACC
364,TAGCTTGGTGTTCCACGCCATACCAGCGCTCATAAAGATTAAGTGAAAGA
365,GACAAAATCCGACCCCTTAGGTAACACCTCACCCGGTCTCCACAAATATT
366,TAATTTAGCATGCTCCTGTCTTTGGACGAAGGGCGATTGCCACCCGATTT
367,ATGGCAGCACAAGGTAGAGAAACCGGACACAGCCCACCGAGGAGGACACA
368,ACAAACAAGTCAGCATACTACTAGAATGGCTCACGAACATGAATGGCAGA
369,CCGACGGCGTCAGAGGCGATGATGCGAGACAAGCGACGTCTAGATGAATT
370,TCAAAGCTTATCGGCTCTCTAAGTCCGACAGTTAAATGACGATGCACTCA
371,TTGACTACAATGGGGGCTCACTTCTCAAGTGTACATTGCAAAACACACAA
372,TTTCGCTTTACCCATAGGGACATGTCGGAAGAGGAAGAGCCGACGCGAAA
373,AACATACGTGATGTTTAGGGCAGTTCTCATGAGAATAAATCGAGCAAGAC
374,CCTGCTAACGATGAGGAGAGGAAATGCATCCAATGGACTGCAAGTGAATC
375,CAGGGCGCCCGCAAGAGGCCTGCCCATTTGATACCAACGTTACAACCATA
376,CCGTAAGTGACTGATGTGGGAGGTAGGAATCCAAGAGCAAGACTACTACA
377,TAGACGCGATGTCGCGCAAGAAAGGATAGCAAGAAATTGGCATAGAATGA
378,TTGGCCGTGGACCATGCTGCCCAGCCTGACCAATGGATCACTACCGATTA
379,GGGACATAGTTCTACTATGTCGTGCCAGGTAGAGCTACCCAGCTACCCCA
380,AGGAGTCATGCTAAGCCAAAACCCACTTGGCGTGCGTGGAGGTAAGTATC
381,CCCATTGCTTGCGTAGACGACGAAAGTCAACTCATTGCATTCAGGCGATT
382,GATAACATACTGTGATGTGATCGCGACTGACCGACAGCACCGCTCACAGC
383,CCGAGGTGTCGTTCAAGGCGTCCCTTCGGTAGACGCAAGGAGCGGAATGG
384,CATTCCTTGATCACGTGATCTGCACACGGTCAAACCTCTGCGTCGTCGGC
385,ATTCTAAACATCGTTACGGCTGGTCTTTGGATCGGGACGTAGCCAGCTGG
386,CAAGCACACTGCGGCTATGGTCACAGCGGCCCGTTGTCGAACAACTGGCA
387,CACAAGCTTAATGGACGGTTTAGAACAAGACAGATTCACTCTGTGCCGTT
388,CGAGCTAATGCACTCCAAAATACTTGTCGCGTTAAGGTGCGCCGACAAAT
389,CAGTGCTTATATGGCATCGAACAAAGGGCCACGCGTTCCCGGACATGCAT
390,GATGATGGAGTCAGCGCACGCACGGCTCATGCCCTGTGAGTCTTATAACA
391,ACGCAGAGGCCAGTGTCCAATGGAAGTACGGTGTGGCACCACATAGGTCA
392,CCAGATCCGACACTAAAGCCAAGCCGACCAGATTGCTTTGGAGGTGCGCA
393,CGCAGGAATGCCAGTCGGATCAATGACTGGAGAAAACTCAAACAATATAC
394,CAAAGTCTTAAGGATGTCGAAACTCAACGGCGAGACATTGCCAATCGCCC
395,CTCACGCCTAGCTGAACGTAAACTACTTCGTATTTCGCGCAACCGAGACA
396,AAGTGATATCGAGCAACTACAAGTATCCAGCTTAGCTTGTTCATGGCGAA
397,CCTGAACGTGCCGTGATGACCCGCCATACAAGGGGCCACTGTCTATCTCA
398,GCACCACCTCCGAAAACGGTTATGATAGGGCCGCAGGTCGAAGAACCACC
399,TACATAGGGAATGCTCGCTTTCCAGGCTCTTCCGTGGATGTAGATGGAAG
400,CCAATAATGATACTGGATGTCCACTAGGTCCATAAGTGTCAAGTCCAAAC
401,CGCTTGCCGCAAGAAAATGGATGATGTATTTCTACCAGGAGCTTTTAAAT
402,TTGAGGATGCTCTATTCATTGTCAACAAATAGGCCAAAGAACAATACAAC
403,ACGCAAAAGGTCAATACCGATGAATCCGGAGGAAACCACAACCCAAAAAG
404,AACTAAACTCGGAGTAGCGCAGTGACCGCTGACGTATGTCCACCCCAACA
405,CCACGGTCGATAATGCATAGTCCAGTCTCGTTAAGTTCACTTGCCACGCA
406,ATCTGTCTCAACCCGGCAAACTTTACCAGAAACTCGCAAAGCTGGTTGCA
407,GAGACTGTACTTCACATATGGATGCCCAGTACGTTCAAAACCGATCCTAC
408,GGTACAAGACATGGCAAAACTGTTGATGGTTCGGAAAACTGTAGATGATC
409,AATGGATACGGTAACGCTGCTTCCCAGTCCGGGCAAGCTGCGAAAGGAGT
410,CTCTAGCCTGTAGTTCAGAACGCAATGTAGGGGCTCCGCAACGATCACCT
411,CGGGAGACACACTTACCGAGAAGCGAAGGGGCAATGCCTCCTCCACACAA
412,CCGGAAAGGGATGGACAACAAGCAACTCGCTGTACGCGCCTGCGTGCAAA
413,AATATGCCACCTTCTAAGTACCGAAACAACGTGGATGCACCCAAATTCTA
414,AACCCGCGATAGTGTACGCACGAAATCGGAATGGAGGATGACAACGGAGA
415,TACAACTGTTTTTAGTGACGACATGGGCTCATCGCTAAATTGTTACAGTA
416,GCATCGTGCGTGAAGCAGTCTCAGTGTCTGCGACACATGTTAATAGACGA
417,GTAGCCAGCGATGACGAATTTGGCCACCGCGTCGGTGAGGTATCGTGACA
418,ACCGTGCCGCGTGATGGCTGGCCCAGAAGGCCAGAAAACGCATGGCCTTG
419,CCACACAATAGTTGATGACACTGTGTGTTTCTGGGTGGAGCGCTCCCATT
420,AGTGTTACACATGGAGGCCATCAAGGAGATACAACGGGCTCAAATTTGCA
421,GAGGAAAGTAGTGTAGGCGGTGAGGCCTCAGCATCACCAAAATGTGCTCT
422,GTGATGGATGGTTCGATCTGTACTACATGTGTTAGACCTGGATGCCTAAA
423,AGCAATGATGGACTCCAACCAGAAGGTATCGGGACCTTACCCCCAAATTG
424,ACCCGACCGTACCTCTATGGAGTGTAGCGTCCACGAGGTAGAAACAAATG
425,AATAGCTTAGCGGCGAGGACCTAGCGGGATTGATTCGTCACGCGCGCCAA
426,CTGGAAAATATAGTAGCAGAGTCAGCCACCGCTTGCCGTCGTGATCAAAT
427,CTTATGTCTACGTCTACAGCATGTGCCAAACTGACAATTGGTACAAGACG
428,GAGATGATCCAAAATAGTACCTCCATTAAAATGCGCTAGGGATTTCATCA
429,AGGACCCACAGCATGGGGGTCCAGAAGCGAGACGGACCTCTCTCACACTC
430,GCAATCCCGTTAGCACATATGGCACATAGCCATGTGCTGTCAGGACTGGA
431,CACAAACATGCAGAAAGCTAAGCAAGTGCGCAACCTGACAGTGCAAATAG
432,CCATTGAGGTCGCAAAAGAATAGCAATGGCGAGTGTTAACCTAAAGAGAC
433,GAGCCTAAACAGTCGTCTGAGGCGGTACTGAGAAGACTTCCGATTGTACA
434,CGCATTGGGTGCCCCAGATCTCCCTAACCGAACCGAGTAGGCATGGAAGA
435,CTTGGTAAGGATGAAAGGCCACCGTGGTGGTGGAACAGCCATTCTGGGAA
436,GTGATGTATCAAGTTGATCTTCAGGCTCCATTGACATAACAGATAGCCAA
437,CCGCAACGCGATGAATCGCACACTTCGTTCGAAGCGTTCGTCCGACACTG
438,AGTAAAAGCACAGATGGGAAGTCTAAACCAAACCCAACAAAGAAAGAATA
439,CAGTGCGATGGCAACAGAGCCGTTCGACAGTCCGGCACCGCAGTGGACCC
440,AGCCATAGCGACTATCATACGGGTTATGAGAGGCTTGTCGCTAAATACAA
441,ATAATGGTAGGGCGGGTTCGGATACGTCGTGTGCGAGGCCGCCGACGTCA
442,ACACACAGCATCAGGACGACAATTAACGTCAAGGAGACACCGGTGACAGC
443,CCTTAGCCAAAGAGAAGACTTGTTGTGAATGATGTGGCGTGTTAACAAAC
444,CATCCGACCAAGTGCTCCGCACGCCATCCTATCAGAACGTGGGCAATAAC
445,CCTAGAGTAAAGCAGATCCCACCCTGAATCAATCGTAGATCGGTGACATA
446,CCTCGACGTCACCAGGATGCATGAACGTACTGTCTGCATTTTGTGGAAAC
447,AAATCGAGAGTCCGTATTGCCAAAGATGAAGGCACCGAGTAACAGTGTTC
448,CCCATATGTCTATCAATGCGACACCGCGAAACCGGACATGTAACGGCGAT
449,CAGCCGGAATGTTGTTTCCTAATGAGGATTGAACAATCGCAGAGAGCCAT
450,AAGCGTATTTCGCCACCTCAGCATACGAAGTCATAAGACGGCAATGTGCA
451,CGGCAGGATCTATGAGGCGACGCACAGTTACACCCTACTGCGCCCAAATA
452,GCAAAAATTCGGAAAGCATCCATGGGTGCAATGGGCGCTGAAACGTCGTC
453,CCTAATATGCTTCTGAAGGTATTATTGGACAGCAGCGCAGGAGCAAGGCG
454,CACACCTAACATTCCCTTGAGTAGGAGATGCAAGATAGCATACGTTAGAT
455,ACACGTACCAGCCTTCGTCTGGCCATGATTATGGCACGGTACCATCTGAG
456,CCGTTTCCATATGTCGACATCACTTAGCGGAGTTCTGGCGCCGACATCCA
457,CCTGCGCCTTTAGATGACTACCTTAAAGCGATGGTTCGGAAATTCGACCA
458,CACGTCAAGGTAATCTAACGCTAGTTCGATCATGGAAAATCCACTCTATC
459,ATGGCGCGAGCCGAACTAGACTCGAGACATCATGTGGCTTAGCTACTGGT
460,GCCTCCTATACGATCCTTAACCACCTAAACTTATGGAACATACCGCTACA
461,AGTAATGTAGGCACTCACCCTACCGAGCCATCGGAGAAGGCTGAAGCACT
462,ACGTAATCCCCTGGATACGTTCACCTCGCATTGCAACATGCGTGACTCCA
463,TTCAGCGTGAATCAGGGAGGACACCATGACAGGGTGTGAAAGAAATAAGA
464,GCAAGGATCATGCCTTGACCAATTGGCCCTGTGGATTGCAAAGAGTGACG
465,CCAATGCAGACCATCGCGAATTTCAAGCGATTCTGCGCGGGAAGCGAATA
466,ATCTAGAAGATTGCATAAAGCTTACGGAACGATGTAGCCATACTTAAATC
467,GGATTGCGAACACCAAAAGGGCCTACGTAATACCAAGGCTTGAGTAAGCA
468,CAAAAACACAGAATGCCCCTGCGATCGATGCAGACCATGGACCCCGGAGT
469,CTGAGGCAACGCGGTAGCATGTTCAAGCCGCGGATGCAGCATCCAGCTCA
470,TCTCTTGCTGTGACATGTCCGTTGCGTCCAAATTGCCGTCCAGTGTTATG
471,GCAATGTGGAAAAACAAGGGACATTTATCAGGCAAACTTCACTCCGCGGA
472,CCGTTCAAGGGGTCGGAGATGAACTCTCACCCCCCGCAGGAATCGCTAGA
473,AGATCGATGGATCTTGTACGCGTACGTATGGATATCCTACTACTACACAG
474,AAACACCGGTATGTTGCGGTCTAGGAAGGACGGACAATTAGTAAGAAACG
475,ACGGAACCAATCTGAAATGTGCGGAGCGGAGGACAACGTGCGACACTGGA
476,CCAGATAATGCAACAAACGGAAGAAAGGAGCTGAATTGGGACATGTCACC
477,TATTACCCAGCGAAACCGCCGCCACCCTATGGCTCAAAAGTCAACCCATC
478,CCAAAGTGCCATGCCTCAACAGTTTTATTTGGTCTACTTTGTTAGAAGGT
479,CAGTGGGGCCGTGTACGTCTAACCCGAGATGTGCTTGCCAGCGCCGTGTC
480,CTCAAGGAGCAAGACGCTAGAACGTTACACTAAAGCCGAACCTCCGGCGA
481,GAAAAGACCGAGTCAACCGCAAAGCATGACAGCTTCGGTAGGAGTGAACG
482,ACCAGGAACCGGACGAGCGATGACGGTCAAAATCTGGAGAAGGGAACAAT
483,GGTATGCGATCGATCTACTGACTCTCTACGAACCGTATCTGCGATGCGAC
484,CCGCTGGAATAGGGCTTTAAGCCCCAATGTCCGCTTCGGAATACGCCAGG
485,CCGAATCGCTAAACATCAGTGGAGCCCAACGAGCACGATGGGAAGAAAGG
486,GCGTATGCTATGATAATGGTCATGGAAAAGCGAGCAGGGTCTGAAAGGAA
487,CCCAATGGAAAGCCTGGCCCGAAGATGCAACCTAGACTCAGAACGCTAAA
488,CCGACCAGTGATGGCCAAAAACTCTACGGGTCAAATTGCGCACCCAAACC
489,CCCAAGAATCATGGAAGAGCTCTCACATGTAGTTCTGACGGACATCAGTA
490,ACCTGGTAGTAAGATGAAACCAACGCGATATACCGCGGGATTACTCGGGT
491,GTGCTCCGAATGTATGGTTGAAATGTGAAGTCTGCCGCCAGCTCGTGAAT
492,GCACATAAAAGAGTGCGATAGACTAGCATTCCGTCCACTCGAGTTCGGAG
493,CAGCAATTGACCAGATACCCAGTAACGTGTGTACTGGCGCCATCCTCATT
494,CGAACACTAGTCCGAATCAAAATGTGCGTCTTATCCTTATTGCCGTAGCA
495,TAGATGGATGACGAACATAGTGCAGTGGAACGAAGCGCACGCAAGCGAAA
496,GTGACGGCTATGCCCTGTATCGACGCAAGGAGATGGTTCTGCGTCCATGT
497,CCGGATTGATACGCTACTTCCCGCATGGAGGAGGATGTATATCAACACTT
498,TTGGAGCCTAGCAAACATGTGGGGCAAGCGAAGCGCAGGAGACTTCATTT
499,CACAGCGGCAGCCCTGCATGCCAACGCCACCCGTCAGCAGCGAATTTACG
500,CCCATAGATGGAGCGGGCACATAAGCGTAGTCGAGACCTCTTCGAAGTCT
501,CAGTTCCATGGCCAAGAACAGATTCGAAGCGAGGGAGATCTGCTACGAAC
502,CTCGAGGGTTGCACCCAATATGCTGTTGTCAACCAAGGACGTCCAAACTG
503,GCTAAGCACGATGAAGCGGAGCCAATGCGCCGTAGCGCACCACTTCACTA
504,CGCCATATGTAAGGCGGTCTAGTGATCTGAGTGAGGGAGAAACGCCGATG
505,GCCCCGCCGGCATAGGAGACCGCGAGCAATGGATAAAAACACCCGCATGA
506,GACATAATGGCTCGCGCTCTCGGCTACAGACCTTTCCTGCCTGACCTCAC
507,CCTCAGAATTCGATTTCAGCGACTAGCAATCGGTACTCGGTGAACAAAAA
508,CAGAGCGCTCACGGTGTCCGGAATGGGACACATGAAATACGGACGACGCA
509,AAGAGCTGTGCCTCCGAATAAACGCGAGAGCGAACACGACAACTGTGCTC
510,CAGTACCCAATCGTGTTGTACATACGGTATTGCCCCGGTAGGGACGAAAA
511,TACATAGAGCCATCACTACTGACTCGGGAAGTGCTACGAGACGACATCTA
